torvalds,https://github.com/torvalds,60.8k
JakeWharton,https://github.com/JakeWharton,40.1k
ruanyf,https://github.com/ruanyf,31.2k
tj,https://github.com/tj,30.9k
addyosmani,https://github.com/addyosmani,26.6k
paulirish,https://github.com/paulirish,24.4k
yyx990803,https://github.com/yyx990803,22.1k
mojombo,https://github.com/mojombo,20.5k
gaearon,https://github.com/gaearon,20.4k
sindresorhus,https://github.com/sindresorhus,19.5k
daimajia,https://github.com/daimajia,18.3k
kennethreitz,https://github.com/kennethreitz,17.2k
defunkt,https://github.com/defunkt,16.4k
mbostock,https://github.com/mbostock,16.1k
douglascrockford,https://github.com/douglascrockford,15.5k
michaelliao,https://github.com/michaelliao,15.5k
mdo,https://github.com/mdo,15k
jeresig,https://github.com/jeresig,14k
JacksonTian,https://github.com/JacksonTian,13.7k
mattt,https://github.com/mattt,13.6k
Trinea,https://github.com/Trinea,13k
jlord,https://github.com/jlord,13k
karpathy,https://github.com/karpathy,12.6k
buckyroberts,https://github.com/buckyroberts,12.1k
schacon,https://github.com/schacon,11.6k
substack,https://github.com/substack,11.5k
stormzhang,https://github.com/stormzhang,11.2k
chrisbanes,https://github.com/chrisbanes,11.1k
lifesinger,https://github.com/lifesinger,11k
yinwang0,https://github.com/yinwang0,11k
jashkenas,https://github.com/jashkenas,10.9k
hadley,https://github.com/hadley,10.8k
dhh,https://github.com/dhh,10.7k
taylorotwell,https://github.com/taylorotwell,10.5k
cloudwu,https://github.com/cloudwu,10.4k
getify,https://github.com/getify,10.3k
clowwindy,https://github.com/clowwindy,10k
mrdoob,https://github.com/mrdoob,9.9k
onevcat,https://github.com/onevcat,9.8k
LeaVerou,https://github.com/LeaVerou,9.7k
angusshire,https://github.com/angusshire,9.7k
mitsuhiko,https://github.com/mitsuhiko,9.6k
phodal,https://github.com/phodal,9.6k
vczh,https://github.com/vczh,9.4k
tpope,https://github.com/tpope,9.1k
JeffreyWay,https://github.com/JeffreyWay,9.1k
johnpapa,https://github.com/johnpapa,9k
hongyangAndroid,https://github.com/hongyangAndroid,8.9k
ibireme,https://github.com/ibireme,8.8k
laruence,https://github.com/laruence,8.7k
llSourcell,https://github.com/llSourcell,8.7k
BYVoid,https://github.com/BYVoid,8.5k
wycats,https://github.com/wycats,8.5k
astaxie,https://github.com/astaxie,8.3k
antirez,https://github.com/antirez,8.3k
pjhyett,https://github.com/pjhyett,8.2k
romannurik,https://github.com/romannurik,8k
hakimel,https://github.com/hakimel,7.8k
sofish,https://github.com/sofish,7.6k
breakwa11,https://github.com/breakwa11,7.5k
RubyLouvre,https://github.com/RubyLouvre,7.5k
fat,https://github.com/fat,7.5k
fabpot,https://github.com/fabpot,7.4k
isaacs,https://github.com/isaacs,7.4k
justjavac,https://github.com/justjavac,7.4k
CoderMJLee,https://github.com/CoderMJLee,7.1k
liaohuqiu,https://github.com/liaohuqiu,7.1k
agentzh,https://github.com/agentzh,7.1k
josevalim,https://github.com/josevalim,7k
muan,https://github.com/muan,7k
ryanb,https://github.com/ryanb,7k
fouber,https://github.com/fouber,6.6k
ry,https://github.com/ry,6.6k
ChenYilong,https://github.com/ChenYilong,6.5k
koush,https://github.com/koush,6.4k
charliesome,https://github.com/charliesome,6.4k
tekkub,https://github.com/tekkub,6.4k
feross,https://github.com/feross,6.3k
cusspvz,https://github.com/cusspvz,6.3k
StephenGrider,https://github.com/StephenGrider,6.3k
tenderlove,https://github.com/tenderlove,6.2k
nzakas,https://github.com/nzakas,6k
programthink,https://github.com/programthink,6k
shiffman,https://github.com/shiffman,6k
chriscoyier,https://github.com/chriscoyier,6k
wintercn,https://github.com/wintercn,6k
lepture,https://github.com/lepture,5.8k
necolas,https://github.com/necolas,5.8k
tangqiaoboy,https://github.com/tangqiaoboy,5.8k
matz,https://github.com/matz,5.7k
commonsguy,https://github.com/commonsguy,5.5k
romainguy,https://github.com/romainguy,5.5k
igrigorik,https://github.com/igrigorik,5.5k
rauchg,https://github.com/rauchg,5.4k
maxogden,https://github.com/maxogden,5.4k
singwhatiwanna,https://github.com/singwhatiwanna,5.3k
chenshuo,https://github.com/chenshuo,5.3k
drakeet,https://github.com/drakeet,5.3k
benbalter,https://github.com/benbalter,5.3k
mitchellh,https://github.com/mitchellh,5.3k
zenorocha,https://github.com/zenorocha,5.2k
holman,https://github.com/holman,5.2k
rasbt,https://github.com/rasbt,5.2k
xufei,https://github.com/xufei,5.1k
wesbos,https://github.com/wesbos,5.1k
Ovilia,https://github.com/Ovilia,5k
fengmk2,https://github.com/fengmk2,4.8k
mathiasbynens,https://github.com/mathiasbynens,4.8k
Unknwon,https://github.com/Unknwon,4.8k
wasabeef,https://github.com/wasabeef,4.8k
jakevdp,https://github.com/jakevdp,4.8k
toddmotto,https://github.com/toddmotto,4.7k
jtleek,https://github.com/jtleek,4.7k
rengwuxian,https://github.com/rengwuxian,4.7k
jessfraz,https://github.com/jessfraz,4.6k
hackedteam,https://github.com/hackedteam,4.6k
keijiro,https://github.com/keijiro,4.6k
crnacura,https://github.com/crnacura,4.5k
rdpeng,https://github.com/rdpeng,4.5k
bradfitz,https://github.com/bradfitz,4.4k
desandro,https://github.com/desandro,4.4k
remy,https://github.com/remy,4.4k
nicklockwood,https://github.com/nicklockwood,4.4k
petehunt,https://github.com/petehunt,4.4k
MichalPaszkiewicz,https://github.com/MichalPaszkiewicz,4.4k
laracasts,https://github.com/laracasts,4.4k
shanselman,https://github.com/shanselman,4.3k
rovo89,https://github.com/rovo89,4.3k
daneden,https://github.com/daneden,4.2k
greenrobot,https://github.com/greenrobot,4.2k
loiane,https://github.com/loiane,4.2k
zcbenz,https://github.com/zcbenz,4.1k
hehonghui,https://github.com/hehonghui,4.1k
creationix,https://github.com/creationix,4.1k
miguelgrinberg,https://github.com/miguelgrinberg,4.1k
geohot,https://github.com/geohot,4k
rakyll,https://github.com/rakyll,4k
offensive-security,https://github.com/offensive-security,4k
JeffreyZhao,https://github.com/JeffreyZhao,4k
spf13,https://github.com/spf13,3.9k
kevinsawicki,https://github.com/kevinsawicki,3.9k
csswizardry,https://github.com/csswizardry,3.9k
jgilfelt,https://github.com/jgilfelt,3.9k
wesm,https://github.com/wesm,3.9k
sebastianbergmann,https://github.com/sebastianbergmann,3.9k
yihui,https://github.com/yihui,3.8k
alex,https://github.com/alex,3.8k
cyrilmottier,https://github.com/cyrilmottier,3.8k
bailicangdu,https://github.com/bailicangdu,3.8k
alanhamlett,https://github.com/alanhamlett,3.8k
soffes,https://github.com/soffes,3.8k
unclebob,https://github.com/unclebob,3.8k
vim-scripts,https://github.com/vim-scripts,3.7k
soumith,https://github.com/soumith,3.7k
gvanrossum,https://github.com/gvanrossum,3.7k
ebidel,https://github.com/ebidel,3.7k
tqchen,https://github.com/tqchen,3.7k
samyk,https://github.com/samyk,3.6k
ericelliott,https://github.com/ericelliott,3.6k
swankjesse,https://github.com/swankjesse,3.6k
julycoding,https://github.com/julycoding,3.5k
kelseyhightower,https://github.com/kelseyhightower,3.5k
kesenhoo,https://github.com/kesenhoo,3.5k
dennybritz,https://github.com/dennybritz,3.5k
mattn,https://github.com/mattn,3.5k
maccman,https://github.com/maccman,3.5k
mgechev,https://github.com/mgechev,3.5k
lattner,https://github.com/lattner,3.4k
huacnlee,https://github.com/huacnlee,3.4k
jwasham,https://github.com/jwasham,3.4k
richhickey,https://github.com/richhickey,3.4k
fchollet,https://github.com/fchollet,3.4k
NARKOZ,https://github.com/NARKOZ,3.4k
haoel,https://github.com/haoel,3.4k
mxcl,https://github.com/mxcl,3.4k
notwaldorf,https://github.com/notwaldorf,3.4k
miloyip,https://github.com/miloyip,3.4k
codingforentrepreneurs,https://github.com/codingforentrepreneurs,3.4k
android10,https://github.com/android10,3.4k
alsotang,https://github.com/alsotang,3.4k
PresidentObamaBot,https://github.com/PresidentObamaBot,3.3k
SimonVT,https://github.com/SimonVT,3.3k
bevacqua,https://github.com/bevacqua,3.3k
steipete,https://github.com/steipete,3.3k
amueller,https://github.com/amueller,3.3k
GrahamCampbell,https://github.com/GrahamCampbell,3.3k
goodfeli,https://github.com/goodfeli,3.3k
Jinjiang,https://github.com/Jinjiang,3.3k
steveklabnik,https://github.com/steveklabnik,3.3k
mnielsen,https://github.com/mnielsen,3.3k
philsturgeon,https://github.com/philsturgeon,3.2k
loopj,https://github.com/loopj,3.2k
mikeal,https://github.com/mikeal,3.2k
colah,https://github.com/colah,3.2k
blueimp,https://github.com/blueimp,3.2k
mcxiaoke,https://github.com/mcxiaoke,3.2k
mafintosh,https://github.com/mafintosh,3.2k
jfeinstein10,https://github.com/jfeinstein10,3.2k
sahat,https://github.com/sahat,3.2k
happypeter,https://github.com/happypeter,3.2k
joshlong,https://github.com/joshlong,3.2k
evancz,https://github.com/evancz,3.1k
btford,https://github.com/btford,3.1k
nswbmw,https://github.com/nswbmw,3.1k
jakearchibald,https://github.com/jakearchibald,3.1k
kevinzhow,https://github.com/kevinzhow,3.1k
numbbbbb,https://github.com/numbbbbb,3.1k
mhevery,https://github.com/mhevery,3.1k
sstephenson,https://github.com/sstephenson,3.1k
swannodette,https://github.com/swannodette,3k
thejameskyle,https://github.com/thejameskyle,3k
kentcdodds,https://github.com/kentcdodds,3k
dodola,https://github.com/dodola,3k
rstacruz,https://github.com/rstacruz,3k
carpedm20,https://github.com/carpedm20,3k
slidenerd,https://github.com/slidenerd,3k
overtrue,https://github.com/overtrue,3k
windiest,https://github.com/windiest,3k
lzyzsd,https://github.com/lzyzsd,3k
acdlite,https://github.com/acdlite,2.9k
mikeash,https://github.com/mikeash,2.9k
nathanmarz,https://github.com/nathanmarz,2.9k
rhiever,https://github.com/rhiever,2.9k
vhf,https://github.com/vhf,2.9k
SaraSoueidan,https://github.com/SaraSoueidan,2.9k
lexrus,https://github.com/lexrus,2.9k
antoniolg,https://github.com/antoniolg,2.9k
progrium,https://github.com/progrium,2.9k
cowboy,https://github.com/cowboy,2.9k
cloudhead,https://github.com/cloudhead,2.8k
erica,https://github.com/erica,2.8k
aphyr,https://github.com/aphyr,2.8k
jvns,https://github.com/jvns,2.8k
prakhar1989,https://github.com/prakhar1989,2.8k
donnemartin,https://github.com/donnemartin,2.8k
ryanflorence,https://github.com/ryanflorence,2.8k
jdalton,https://github.com/jdalton,2.8k
nostra13,https://github.com/nostra13,2.8k
domenic,https://github.com/domenic,2.8k
moxie0,https://github.com/moxie0,2.8k
vbuterin,https://github.com/vbuterin,2.7k
dyc87112,https://github.com/dyc87112,2.7k
jcjohnson,https://github.com/jcjohnson,2.7k
afollestad,https://github.com/afollestad,2.7k
mikepenz,https://github.com/mikepenz,2.7k
evilcos,https://github.com/evilcos,2.7k
gsdios,https://github.com/gsdios,2.7k
staltz,https://github.com/staltz,2.7k
Shougo,https://github.com/Shougo,2.7k
hmason,https://github.com/hmason,2.7k
zedshaw,https://github.com/zedshaw,2.7k
dead-horse,https://github.com/dead-horse,2.7k
robpike,https://github.com/robpike,2.7k
huangz1990,https://github.com/huangz1990,2.7k
darkwing,https://github.com/darkwing,2.7k
garybernhardt,https://github.com/garybernhardt,2.7k
kittens,https://github.com/kittens,2.6k
ccoenraets,https://github.com/ccoenraets,2.6k
ManuelPeinado,https://github.com/ManuelPeinado,2.6k
qiwsir,https://github.com/qiwsir,2.6k
felixge,https://github.com/felixge,2.6k
ashfurrow,https://github.com/ashfurrow,2.6k
pedrovgs,https://github.com/pedrovgs,2.6k
AllenDowney,https://github.com/AllenDowney,2.6k
audreyt,https://github.com/audreyt,2.6k
easychen,https://github.com/easychen,2.6k
mpj,https://github.com/mpj,2.6k
KittenYang,https://github.com/KittenYang,2.6k
shu223,https://github.com/shu223,2.5k
geeeeeeeeek,https://github.com/geeeeeeeeek,2.5k
cyanogen,https://github.com/cyanogen,2.5k
sokra,https://github.com/sokra,2.5k
Seldaek,https://github.com/Seldaek,2.5k
madeye,https://github.com/madeye,2.5k
bcaffo,https://github.com/bcaffo,2.5k
jamesmontemagno,https://github.com/jamesmontemagno,2.5k
bbatsov,https://github.com/bbatsov,2.5k
karan,https://github.com/karan,2.5k
cssmagic,https://github.com/cssmagic,2.5k
donnfelker,https://github.com/donnfelker,2.5k
jskeet,https://github.com/jskeet,2.5k
chloerei,https://github.com/chloerei,2.5k
nikic,https://github.com/nikic,2.5k
leah,https://github.com/leah,2.5k
BrendanEich,https://github.com/BrendanEich,2.4k
sunnyxx,https://github.com/sunnyxx,2.4k
kamranahmedse,https://github.com/kamranahmedse,2.4k
mhartl,https://github.com/mhartl,2.4k
yanhaijing,https://github.com/yanhaijing,2.4k
marijnh,https://github.com/marijnh,2.4k
junegunn,https://github.com/junegunn,2.4k
joyeecheung,https://github.com/joyeecheung,2.4k
botelho,https://github.com/botelho,2.4k
kangax,https://github.com/kangax,2.4k
i5ting,https://github.com/i5ting,2.4k
IgorMinar,https://github.com/IgorMinar,2.4k
jspahrsummers,https://github.com/jspahrsummers,2.4k
rogerwang,https://github.com/rogerwang,2.4k
technoweenie,https://github.com/technoweenie,2.4k
madrobby,https://github.com/madrobby,2.4k
rbgirshick,https://github.com/rbgirshick,2.4k
xhzengAIB,https://github.com/xhzengAIB,2.4k
suissa,https://github.com/suissa,2.4k
sorrycc,https://github.com/sorrycc,2.4k
barretlee,https://github.com/barretlee,2.4k
kenwheeler,https://github.com/kenwheeler,2.4k
GoesToEleven,https://github.com/GoesToEleven,2.4k
ahejlsberg,https://github.com/ahejlsberg,2.4k
QuincyLarson,https://github.com/QuincyLarson,2.3k
rlerdorf,https://github.com/rlerdorf,2.3k
litesuits,https://github.com/litesuits,2.3k
emilsjolander,https://github.com/emilsjolander,2.3k
TooTallNate,https://github.com/TooTallNate,2.3k
planetoftheweb,https://github.com/planetoftheweb,2.3k
saulmm,https://github.com/saulmm,2.3k
yangyangwithgnu,https://github.com/yangyangwithgnu,2.3k
KrauseFx,https://github.com/KrauseFx,2.3k
lucasr,https://github.com/lucasr,2.3k
pkrumins,https://github.com/pkrumins,2.3k
Haacked,https://github.com/Haacked,2.3k
kymjs,https://github.com/kymjs,2.3k
code4craft,https://github.com/code4craft,2.3k
ken,https://github.com/ken,2.3k
brunocasanova,https://github.com/brunocasanova,2.3k
gabrielemariotti,https://github.com/gabrielemariotti,2.3k
robbyrussell,https://github.com/robbyrussell,2.3k
ibdknox,https://github.com/ibdknox,2.3k
kytrinyx,https://github.com/kytrinyx,2.3k
Yangqing,https://github.com/Yangqing,2.3k
asLody,https://github.com/asLody,2.2k
zhangxinxu,https://github.com/zhangxinxu,2.2k
chenglou,https://github.com/chenglou,2.2k
JakeLin,https://github.com/JakeLin,2.2k
rsms,https://github.com/rsms,2.2k
jendewalt,https://github.com/jendewalt,2.2k
bingoogolapple,https://github.com/bingoogolapple,2.2k
rwaldron,https://github.com/rwaldron,2.2k
qiangxue,https://github.com/qiangxue,2.2k
brentvatne,https://github.com/brentvatne,2.2k
travisneilson,https://github.com/travisneilson,2.2k
mislav,https://github.com/mislav,2.2k
zhangkaitao,https://github.com/zhangkaitao,2.2k
sephiroth74,https://github.com/sephiroth74,2.2k
mli,https://github.com/mli,2.2k
ginatrapani,https://github.com/ginatrapani,2.2k
Grafikart,https://github.com/Grafikart,2.2k
soulmachine,https://github.com/soulmachine,2.2k
leebyron,https://github.com/leebyron,2.2k
indutny,https://github.com/indutny,2.2k
sferik,https://github.com/sferik,2.2k
markzhai,https://github.com/markzhai,2.2k
Ocramius,https://github.com/Ocramius,2.2k
fatih,https://github.com/fatih,2.2k
oldratlee,https://github.com/oldratlee,2.2k
sebmarkbage,https://github.com/sebmarkbage,2.2k
mxstbr,https://github.com/mxstbr,2.2k
dominictarr,https://github.com/dominictarr,2.1k
pydanny,https://github.com/pydanny,2.1k
diracdeltas,https://github.com/diracdeltas,2.1k
ekmett,https://github.com/ekmett,2.1k
casatwy,https://github.com/casatwy,2.1k
flavienlaurent,https://github.com/flavienlaurent,2.1k
robbiehanson,https://github.com/robbiehanson,2.1k
johnmyleswhite,https://github.com/johnmyleswhite,2.1k
jacobian,https://github.com/jacobian,2.1k
justmarkham,https://github.com/justmarkham,2.1k
philipwalton,https://github.com/philipwalton,2.1k
daylerees,https://github.com/daylerees,2.1k
wyouflf,https://github.com/wyouflf,2.1k
scottjehl,https://github.com/scottjehl,2.1k
MorvanZhou,https://github.com/MorvanZhou,2.1k
davecheney,https://github.com/davecheney,2.1k
sophiebits,https://github.com/sophiebits,2.1k
mackenziechild,https://github.com/mackenziechild,2.1k
codeguy,https://github.com/codeguy,2.1k
egoist,https://github.com/egoist,2.1k
hzlzh,https://github.com/hzlzh,2.1k
akitaonrails,https://github.com/akitaonrails,2.1k
davidfowl,https://github.com/davidfowl,2.1k
kylemcdonald,https://github.com/kylemcdonald,2.1k
DmitryBaranovskiy,https://github.com/DmitryBaranovskiy,2.1k
mjackson,https://github.com/mjackson,2.1k
harthur,https://github.com/harthur,2.1k
android-cjj,https://github.com/android-cjj,2.1k
tencent-wechat,https://github.com/tencent-wechat,2.1k
bradfrost,https://github.com/bradfrost,2.1k
ariya,https://github.com/ariya,2.1k
rtomayko,https://github.com/rtomayko,2.1k
baoyongzhang,https://github.com/baoyongzhang,2.1k
developit,https://github.com/developit,2.1k
tylermcginnis,https://github.com/tylermcginnis,2.1k
phuslu,https://github.com/phuslu,2k
codefollower,https://github.com/codefollower,2k
hax,https://github.com/hax,2k
tholman,https://github.com/tholman,2k
bang590,https://github.com/bang590,2k
gabrielecirulli,https://github.com/gabrielecirulli,2k
miyagawa,https://github.com/miyagawa,2k
ogrisel,https://github.com/ogrisel,2k
rmurphey,https://github.com/rmurphey,2k
